{"cameraMode":{"drawMode":0,"name":"Shaded","section":"Shading Mode"},"sceneLighting":false,"audioPlay":false,"sceneViewState":{"showFog":true,"showMaterialUpdate":false,"showSkybox":true,"showFlares":true,"showImageEffects":true,"showParticleSystems":true},"in2DMode":false,"pivot":{"x":-20.033126831054689,"y":1.0700010061264039,"z":12.52679443359375},"rotation":{"x":0.18714293837547303,"y":-0.23293666541576386,"z":0.04572894796729088,"w":0.9532192349433899},"size":26.85773277282715,"orthographic":false}