{"cameraMode":{"drawMode":0,"name":"Shaded","section":"Shading Mode"},"sceneLighting":false,"audioPlay":false,"sceneViewState":{"showFog":true,"showMaterialUpdate":false,"showSkybox":true,"showFlares":true,"showImageEffects":true,"showParticleSystems":true},"in2DMode":false,"pivot":{"x":-6.365886688232422,"y":3.354203224182129,"z":9.005172729492188},"rotation":{"x":0.22782711684703828,"y":0.3724710941314697,"z":-0.09485688805580139,"w":0.8946296572685242},"size":27.213903427124025,"orthographic":false}