{"cameraMode":{"drawMode":0,"name":"Shaded","section":"Shading Mode"},"sceneLighting":false,"audioPlay":false,"sceneViewState":{"showFog":true,"showMaterialUpdate":false,"showSkybox":true,"showFlares":true,"showImageEffects":true,"showParticleSystems":true},"in2DMode":false,"pivot":{"x":-21.27550506591797,"y":6.121387004852295,"z":14.415060043334961},"rotation":{"x":0.18714293837547303,"y":-0.23293666541576386,"z":0.04572894796729088,"w":0.9532192349433899},"size":46.21617126464844,"orthographic":false}