{"cameraMode":{"drawMode":0,"name":"Shaded","section":"Shading Mode"},"sceneLighting":false,"audioPlay":false,"sceneViewState":{"showFog":true,"showMaterialUpdate":false,"showSkybox":true,"showFlares":true,"showImageEffects":true,"showParticleSystems":true},"in2DMode":false,"pivot":{"x":-7.800240516662598,"y":1.784242868423462,"z":-2.725447654724121},"rotation":{"x":0.16824868321418763,"y":-0.3789665699005127,"z":0.07027444243431092,"w":0.9072696566581726},"size":0.43365752696990969,"orthographic":false}