{"cameraMode":{"drawMode":0,"name":"Shaded","section":"Shading Mode"},"sceneLighting":false,"audioPlay":false,"sceneViewState":{"showFog":true,"showMaterialUpdate":false,"showSkybox":true,"showFlares":true,"showImageEffects":true,"showParticleSystems":true},"in2DMode":false,"pivot":{"x":0.45451676845550539,"y":5.92946720123291,"z":3.7001113891601564},"rotation":{"x":0.16824868321418763,"y":-0.3789665699005127,"z":0.07027444243431092,"w":0.9072696566581726},"size":2.0221030712127687,"orthographic":false}