{"cameraMode":{"drawMode":0,"name":"Shaded","section":"Shading Mode"},"sceneLighting":false,"audioPlay":false,"sceneViewState":{"showFog":true,"showMaterialUpdate":false,"showSkybox":true,"showFlares":true,"showImageEffects":true,"showParticleSystems":true},"in2DMode":false,"pivot":{"x":-0.8933607339859009,"y":0.2623094320297241,"z":1.1026331186294556},"rotation":{"x":0.22782711684703828,"y":0.3724710941314697,"z":-0.09485688805580139,"w":0.8946296572685242},"size":8.122461318969727,"orthographic":false}