{"cameraMode":{"drawMode":0,"name":"Shaded","section":"Shading Mode"},"sceneLighting":false,"audioPlay":false,"sceneViewState":{"showFog":true,"showMaterialUpdate":false,"showSkybox":true,"showFlares":true,"showImageEffects":true,"showParticleSystems":true},"in2DMode":false,"pivot":{"x":-0.939803421497345,"y":0.026585692539811136,"z":-0.16759246587753297},"rotation":{"x":-0.11008851230144501,"y":0.8892223834991455,"z":-0.3320179879665375,"w":-0.29483580589294436},"size":1.6076469421386719,"orthographic":false}