{"cameraMode":{"drawMode":0,"name":"Shaded","section":"Shading Mode"},"sceneLighting":false,"audioPlay":false,"sceneViewState":{"showFog":true,"showMaterialUpdate":false,"showSkybox":true,"showFlares":true,"showImageEffects":true,"showParticleSystems":true},"in2DMode":false,"pivot":{"x":-60.485023498535159,"y":-2.9650955200195314,"z":-36.948299407958987},"rotation":{"x":0.3328191339969635,"y":-0.3278887867927551,"z":0.12467019259929657,"w":0.87531578540802},"size":39.43644332885742,"orthographic":false}