{"cameraMode":{"drawMode":0,"name":"Shaded","section":"Shading Mode"},"sceneLighting":false,"audioPlay":false,"sceneViewState":{"showFog":true,"showMaterialUpdate":false,"showSkybox":true,"showFlares":true,"showImageEffects":true,"showParticleSystems":true},"in2DMode":false,"pivot":{"x":-30.1530818939209,"y":-0.5115624666213989,"z":-11.173881530761719},"rotation":{"x":-0.029503539204597474,"y":0.965507447719574,"z":-0.2258760780096054,"w":-0.126114621758461},"size":25.484832763671876,"orthographic":false}