{"cameraMode":{"drawMode":0,"name":"Shaded","section":"Shading Mode"},"sceneLighting":false,"audioPlay":false,"sceneViewState":{"showFog":true,"showMaterialUpdate":false,"showSkybox":true,"showFlares":true,"showImageEffects":true,"showParticleSystems":true},"in2DMode":false,"pivot":{"x":0.5070552825927734,"y":2.908980369567871,"z":1.7732911109924317},"rotation":{"x":0.22782711684703828,"y":0.3724710941314697,"z":-0.09485688805580139,"w":0.8946296572685242},"size":10.37914752960205,"orthographic":false}