{"cameraMode":{"drawMode":0,"name":"Shaded","section":"Shading Mode"},"sceneLighting":false,"audioPlay":false,"sceneViewState":{"showFog":true,"showMaterialUpdate":false,"showSkybox":true,"showFlares":true,"showImageEffects":true,"showParticleSystems":true},"in2DMode":false,"pivot":{"x":4.8125996589660648,"y":0.11723518371582031,"z":2.555406093597412},"rotation":{"x":0.18714293837547303,"y":-0.23293666541576386,"z":0.04572894796729088,"w":0.9532192349433899},"size":9.308358192443848,"orthographic":false}