{"cameraMode":{"drawMode":0,"name":"Shaded","section":"Shading Mode"},"sceneLighting":false,"audioPlay":false,"sceneViewState":{"showFog":true,"showMaterialUpdate":false,"showSkybox":true,"showFlares":true,"showImageEffects":true,"showParticleSystems":true},"in2DMode":false,"pivot":{"x":4.346286773681641,"y":2.4859211444854738,"z":-2.4561710357666017},"rotation":{"x":0.22782711684703828,"y":0.3724710941314697,"z":-0.09485688805580139,"w":0.8946296572685242},"size":7.70974063873291,"orthographic":false}