{"cameraMode":{"drawMode":0,"name":"Shaded","section":"Shading Mode"},"sceneLighting":false,"audioPlay":false,"sceneViewState":{"showFog":true,"showMaterialUpdate":false,"showSkybox":true,"showFlares":true,"showImageEffects":true,"showParticleSystems":true},"in2DMode":false,"pivot":{"x":-21.094757080078126,"y":26.905319213867189,"z":-0.3753662109375},"rotation":{"x":0.21174895763397218,"y":-0.3113929033279419,"z":0.07138578593730927,"w":0.9236347079277039},"size":296.7274475097656,"orthographic":false}