{"cameraMode":{"drawMode":0,"name":"Shaded","section":"Shading Mode"},"sceneLighting":false,"audioPlay":false,"sceneViewState":{"showFog":true,"showMaterialUpdate":false,"showSkybox":true,"showFlares":true,"showImageEffects":true,"showParticleSystems":true},"in2DMode":false,"pivot":{"x":2.0643444061279299,"y":4.888290882110596,"z":4.005631446838379},"rotation":{"x":0.24333231151103974,"y":-0.21714524924755097,"z":0.05598995089530945,"w":0.9436644315719605},"size":6.813607215881348,"orthographic":false}