{"cameraMode":{"drawMode":0,"name":"Shaded","section":"Shading Mode"},"sceneLighting":false,"audioPlay":false,"sceneViewState":{"showFog":true,"showMaterialUpdate":false,"showSkybox":true,"showFlares":true,"showImageEffects":true,"showParticleSystems":true},"in2DMode":false,"pivot":{"x":31.368846893310548,"y":-0.008496761322021485,"z":-134.7270050048828},"rotation":{"x":-0.029503539204597474,"y":0.965507447719574,"z":-0.2258760780096054,"w":-0.126114621758461},"size":169.8620147705078,"orthographic":false}