{"cameraMode":{"drawMode":0,"name":"Shaded","section":"Shading Mode"},"sceneLighting":true,"audioPlay":false,"sceneViewState":{"showFog":true,"showMaterialUpdate":true,"showSkybox":true,"showFlares":true,"showImageEffects":true,"showParticleSystems":true},"in2DMode":false,"pivot":{"x":-84.28236389160156,"y":-87.99281311035156,"z":123.83946228027344},"rotation":{"x":-0.2645496129989624,"y":0.5965562462806702,"z":-0.21742922067642213,"w":-0.7258504033088684},"size":305.62432861328127,"orthographic":false}