{"cameraMode":{"drawMode":0,"name":"Shaded","section":"Shading Mode"},"sceneLighting":false,"audioPlay":false,"sceneViewState":{"showFog":true,"showMaterialUpdate":false,"showSkybox":true,"showFlares":true,"showImageEffects":true,"showParticleSystems":true},"in2DMode":false,"pivot":{"x":-1.7245792150497437,"y":0.44593846797943118,"z":1.4499566555023194},"rotation":{"x":0.18714293837547303,"y":-0.23293666541576386,"z":0.04572894796729088,"w":0.9532192349433899},"size":3.563783645629883,"orthographic":false}