{"cameraMode":{"drawMode":0,"name":"Shaded","section":"Shading Mode"},"sceneLighting":false,"audioPlay":false,"sceneViewState":{"showFog":true,"showMaterialUpdate":false,"showSkybox":true,"showFlares":true,"showImageEffects":true,"showParticleSystems":true},"in2DMode":false,"pivot":{"x":0.6718664169311523,"y":1.5536491870880128,"z":1.064322590827942},"rotation":{"x":0.18714293837547303,"y":-0.23293666541576386,"z":0.04572894796729088,"w":0.9532192349433899},"size":1.8000571727752686,"orthographic":false}