{"cameraMode":{"drawMode":0,"name":"Shaded","section":"Shading Mode"},"sceneLighting":true,"audioPlay":false,"sceneViewState":{"showFog":false,"showMaterialUpdate":false,"showSkybox":false,"showFlares":false,"showImageEffects":false,"showParticleSystems":false},"in2DMode":false,"pivot":{"x":1.0646778345108033,"y":-4.680861473083496,"z":-6.245297908782959},"rotation":{"x":-0.021287836134433748,"y":0.9484575390815735,"z":-0.30938002467155459,"w":-0.0652623400092125},"size":17.139453887939454,"orthographic":false}